Class,Rck,fck,ec1,ecu,gamma_c,alpha_cc,fcd,Ec
C28/35,35,28,0.002,0.0035,1.5,0.85,15.866666666666667,32308.249722965833
